{"cameraMode":{"drawMode":0,"name":"Shaded","section":"Shading Mode"},"sceneLighting":true,"audioPlay":false,"sceneViewState":{"m_AlwaysRefresh":false,"showFog":true,"showSkybox":false,"showFlares":true,"showImageEffects":true,"showParticleSystems":true,"showVisualEffectGraphs":true,"m_FxEnabled":true},"in2DMode":false,"pivot":{"x":39.823543548583987,"y":5.461284637451172,"z":40.1229133605957},"rotation":{"x":0.24738897383213044,"y":-0.10151269286870957,"z":0.026071561500430108,"w":0.9632332921028137},"size":114.93128967285156,"orthographic":true}